id,delta0,delta1,delta2,T0,T1,T2,n
A,1,1,0,1,1,999,16
A,1,1,0,1,0,999,5
A,1,1,0,0,1,999,4
A,1,1,0,0,0,999,28
B,1,1,0,1,1,999,32
B,1,1,0,1,0,999,5
B,1,1,0,0,1,999,11
B,1,1,0,0,0,999,21
C,1,1,0,1,1,999,21
C,1,1,0,1,0,999,15
C,1,1,0,0,1,999,6
C,1,1,0,0,0,999,54
D,1,1,0,1,1,999,31
D,1,1,0,1,0,999,7
D,1,1,0,0,1,999,24
D,1,1,0,0,0,999,33
E,1,0,1,1,999,1,44
E,1,0,1,1,999,0,1
E,1,0,1,0,999,1,43
E,1,0,1,0,999,0,12
F,1,0,1,1,999,1,55
F,1,0,1,1,999,0,20
F,1,0,1,0,999,1,36
F,1,0,1,0,999,0,60
G,1,0,1,1,999,1,25
G,1,0,1,1,999,0,4
G,1,0,1,0,999,1,33
G,1,0,1,0,999,0,46
H,0,1,1,999,1,1,7
H,0,1,1,999,0,1,1
H,0,1,1,999,1,0,0
H,0,1,1,999,0,0,6
I,0,1,1,999,1,1,14
I,0,1,1,999,0,1,11
I,0,1,1,999,1,0,0
I,0,1,1,999,0,0,18
J,0,1,1,999,1,1,26
J,0,1,1,999,0,1,1
J,0,1,1,999,1,0,2
J,0,1,1,999,0,0,29
K,0,1,1,999,1,1,19
K,0,1,1,999,0,1,0
K,0,1,1,999,1,0,1
K,0,1,1,999,0,0,14
L,0,1,1,999,1,1,17
L,0,1,1,999,0,1,4
L,0,1,1,999,1,0,6
L,0,1,1,999,0,0,20
